ts,src_ip,src_port,dst_ip,dst_port,proto,service,duration,src_bytes,dst_bytes,conn_state,missed_bytes,src_pkts,dst_pkts,src_ip_bytes,dst_ip_bytes,label,type
1610000034.5634563,192.168.1.5,41519,10.0.0.1,6666,0,0,0.0001,379,205,0,0,999,11,758,1397,1,scanning
1610000414.761476,192.168.1.10,21131,10.0.0.1,6666,0,2,0.0001,256,262,0,0,999,7,1447,1190,1,scanning
1610000630.7830782,192.168.1.10,41080,8.8.8.8,6666,0,0,0.0001,345,319,0,0,999,10,1063,1390,1,scanning
1610000820.8820882,192.168.1.10,2698,10.0.0.1,6666,0,0,0.0001,289,170,0,0,999,7,937,1097,1,scanning
1610000907.290729,192.168.1.10,24028,10.0.0.1,6666,1,2,0.0001,192,190,0,0,999,7,1166,537,1,scanning
1610001399.819982,192.168.1.10,1779,10.0.0.1,6666,0,1,0.0001,230,380,0,0,999,8,1051,1418,1,scanning
1610001633.1233122,192.168.1.10,14567,8.8.8.8,6666,0,1,0.0001,126,279,0,0,999,12,536,704,1,scanning
1610001805.940594,192.168.1.5,45948,10.0.0.1,6666,0,0,0.0001,196,449,0,0,999,8,1298,961,1,scanning
1610001866.426643,192.168.1.10,42160,8.8.8.8,6666,0,2,0.0001,123,490,0,0,999,6,546,1189,1,scanning
1610001926.9126914,192.168.1.10,34734,10.0.0.1,6666,0,0,0.0001,350,395,0,0,999,10,855,948,1,scanning
1610001935.5535553,192.168.1.10,38412,10.0.0.1,6666,1,1,0.0001,281,117,0,0,999,9,1034,1317,1,scanning
1610002652.7452743,192.168.1.10,12642,10.0.0.1,6666,0,2,0.0001,390,167,0,0,999,11,777,745,1,scanning
1610002661.386139,192.168.1.10,9470,8.8.8.8,6666,0,0,0.0001,335,294,0,0,999,6,1337,858,1,scanning
1610002756.4356437,192.168.1.10,44988,10.0.0.1,6666,1,2,0.0001,469,110,0,0,999,5,741,834,1,scanning
1610002920.6120613,192.168.1.10,62531,8.8.8.8,6666,0,2,0.0001,351,301,0,0,999,11,1420,1054,1,scanning
1610003024.3024302,192.168.1.10,2031,10.0.0.1,6666,0,0,0.0001,392,480,0,0,999,5,1181,1135,1,scanning
1610003136.6336634,192.168.1.10,28129,8.8.8.8,6666,0,2,0.0001,139,477,0,0,999,7,650,735,1,scanning
1610003205.760576,192.168.1.10,58937,10.0.0.1,6666,0,0,0.0001,220,183,0,0,999,8,1033,1118,1,scanning
1610003369.9369936,192.168.1.5,24229,10.0.0.1,6666,1,1,0.0001,436,222,0,0,999,9,1404,918,1,scanning
1610003793.339334,192.168.1.5,24742,10.0.0.1,6666,0,2,0.0001,494,496,0,0,999,9,718,885,1,scanning
1610003983.4383438,192.168.1.5,1859,8.8.8.8,6666,0,1,0.0001,235,436,0,0,999,7,1294,568,1,scanning
1610004026.6426642,192.168.1.10,38359,10.0.0.1,6666,0,0,0.0001,225,267,0,0,999,12,1403,1402,1,scanning
1610004130.333033,192.168.1.5,33377,10.0.0.1,6666,1,1,0.0001,400,363,0,0,999,6,1155,1311,1,scanning
1610004882.088209,192.168.1.10,35259,8.8.8.8,6666,0,2,0.0001,179,119,0,0,999,8,868,865,1,scanning
1610005089.468947,192.168.1.5,31397,10.0.0.1,6666,0,2,0.0001,100,107,0,0,999,12,1413,1008,1,scanning
1610005322.772277,192.168.1.5,5199,8.8.8.8,6666,1,0,0.0001,300,307,0,0,999,5,1291,647,1,scanning
1610005823.9423945,192.168.1.10,9719,8.8.8.8,6666,0,2,0.0001,308,201,0,0,999,9,1230,1169,1,scanning
1610005944.9144914,192.168.1.5,63037,8.8.8.8,6666,0,1,0.0001,386,118,0,0,999,14,675,757,1,scanning
1610006005.40054,192.168.1.10,22900,10.0.0.1,6666,0,0,0.0001,396,313,0,0,999,11,1292,925,1,scanning
1610006074.5274527,192.168.1.10,13740,8.8.8.8,6666,0,0,0.0001,412,175,0,0,999,11,1104,1148,1,scanning
1610006135.0135014,192.168.1.5,20183,8.8.8.8,6666,0,1,0.0001,478,407,0,0,999,8,1431,870,1,scanning
1610006273.2673268,192.168.1.5,29386,10.0.0.1,6666,0,1,0.0001,117,155,0,0,999,13,509,559,1,scanning
1610006351.0351036,192.168.1.5,48398,8.8.8.8,6666,0,0,0.0001,448,429,0,0,999,5,601,688,1,scanning
1610006394.239424,192.168.1.5,50594,10.0.0.1,6666,0,0,0.0001,326,279,0,0,999,7,1034,1022,1,scanning
1610006506.570657,192.168.1.10,23930,8.8.8.8,6666,0,1,0.0001,311,412,0,0,999,14,812,1206,1,scanning
1610006705.3105311,192.168.1.5,22689,10.0.0.1,6666,0,2,0.0001,145,180,0,0,999,7,528,556,1,scanning
1610006713.951395,192.168.1.10,17222,8.8.8.8,6666,0,2,0.0001,437,332,0,0,999,7,1135,701,1,scanning
1610006834.9234924,192.168.1.10,36386,10.0.0.1,6666,0,0,0.0001,172,490,0,0,999,13,1489,1224,1,scanning
1610006947.2547257,192.168.1.10,19649,8.8.8.8,6666,0,0,0.0001,182,201,0,0,999,6,718,1203,1,scanning
1610007033.6633663,192.168.1.10,53558,10.0.0.1,6666,0,2,0.0001,114,320,0,0,999,11,513,878,1,scanning
1610007508.910891,192.168.1.10,24066,10.0.0.1,6666,0,2,0.0001,105,118,0,0,999,5,1243,1311,1,scanning
1610007517.5517552,192.168.1.5,19669,8.8.8.8,6666,0,2,0.0001,231,438,0,0,999,8,755,1493,1,scanning
1610007534.8334837,192.168.1.10,62537,8.8.8.8,6666,1,2,0.0001,240,187,0,0,999,13,989,762,1,scanning
1610007578.037804,192.168.1.10,61532,8.8.8.8,6666,0,0,0.0001,146,191,0,0,999,11,509,563,1,scanning
1610007681.7281728,192.168.1.5,38963,8.8.8.8,6666,0,0,0.0001,397,459,0,0,999,5,668,652,1,scanning
1610007828.6228623,192.168.1.10,60739,10.0.0.1,6666,0,1,0.0001,350,272,0,0,999,10,676,1485,1,scanning
1610007854.5454545,192.168.1.10,59559,8.8.8.8,6666,0,0,0.0001,126,189,0,0,999,8,808,999,1,scanning
1610007863.1863186,192.168.1.5,34479,10.0.0.1,6666,0,2,0.0001,217,110,0,0,999,9,1394,1315,1,scanning
1610008087.848785,192.168.1.10,42049,10.0.0.1,6666,0,0,0.0001,454,429,0,0,999,10,1125,666,1,scanning
1610008347.0747075,192.168.1.5,56359,8.8.8.8,6666,0,1,0.0001,137,352,0,0,999,8,1275,1048,1,scanning
1610008813.681368,192.168.1.5,57944,8.8.8.8,6666,1,2,0.0001,129,321,0,0,999,8,1316,1293,1,scanning
1610009046.9846983,192.168.1.5,17018,10.0.0.1,6666,0,0,0.0001,349,238,0,0,999,11,966,1318,1,scanning
1610009072.9072907,192.168.1.10,58449,10.0.0.1,6666,0,1,0.0001,187,386,0,0,999,8,971,990,1,scanning
1610009185.238524,192.168.1.5,37327,8.8.8.8,6666,0,2,0.0001,207,193,0,0,999,14,822,636,1,scanning
1610009228.4428444,192.168.1.5,15540,8.8.8.8,6666,0,1,0.0001,191,191,0,0,999,11,1237,878,1,scanning
1610009435.8235824,192.168.1.10,40089,10.0.0.1,6666,1,0,0.0001,232,337,0,0,999,13,1109,658,1,scanning
1610009703.6903691,192.168.1.5,49315,10.0.0.1,6666,0,0,0.0001,342,441,0,0,999,8,758,972,1,scanning
1610009824.6624663,192.168.1.10,41002,10.0.0.1,6666,0,1,0.0001,316,459,0,0,999,9,830,735,1,scanning
1610009876.5076509,192.168.1.5,13185,8.8.8.8,6666,0,0,0.0001,360,113,0,0,999,12,1007,570,1,scanning
1610010023.4023402,192.168.1.10,32843,8.8.8.8,6666,0,0,0.0001,437,238,0,0,999,9,521,1003,1,scanning
1610010109.810981,192.168.1.10,34761,10.0.0.1,6666,0,0,0.0001,243,338,0,0,999,11,864,734,1,scanning
1610010187.5787578,192.168.1.5,3326,8.8.8.8,6666,0,2,0.0001,340,211,0,0,999,5,1432,1226,1,scanning
1610010248.0648065,192.168.1.10,33914,10.0.0.1,6666,0,2,0.0001,366,107,0,0,999,13,1409,1103,1,scanning
1610010498.649865,192.168.1.5,55904,8.8.8.8,6666,0,1,0.0001,382,457,0,0,999,11,1021,749,1,scanning
1610011086.228623,192.168.1.5,45702,10.0.0.1,6666,0,0,0.0001,447,363,0,0,999,12,533,901,1,scanning
1610011189.9189918,192.168.1.10,43136,8.8.8.8,6666,1,1,0.0001,376,431,0,0,999,6,964,1441,1,scanning
1610011414.581458,192.168.1.5,10607,8.8.8.8,6666,0,2,0.0001,493,482,0,0,999,12,939,1387,1,scanning
1610011526.9126914,192.168.1.10,8962,10.0.0.1,6666,0,2,0.0001,238,476,0,0,999,8,544,1446,1,scanning
1610011544.1944194,192.168.1.5,24374,10.0.0.1,6666,0,0,0.0001,248,168,0,0,999,9,953,1473,1,scanning
1610011587.3987398,192.168.1.10,6635,10.0.0.1,6666,1,2,0.0001,142,371,0,0,999,8,1402,786,1,scanning
1610011604.680468,192.168.1.5,41881,10.0.0.1,6666,0,0,0.0001,493,253,0,0,999,10,819,1431,1,scanning
1610011768.8568857,192.168.1.5,2318,10.0.0.1,6666,0,0,0.0001,454,237,0,0,999,5,1093,948,1,scanning
1610011846.6246624,192.168.1.5,18730,10.0.0.1,6666,1,1,0.0001,488,276,0,0,999,6,509,859,1,scanning
1610011984.8784878,192.168.1.10,21195,8.8.8.8,6666,0,1,0.0001,363,124,0,0,999,9,861,1029,1,scanning
1610012105.850585,192.168.1.5,62739,10.0.0.1,6666,0,1,0.0001,120,436,0,0,999,5,790,1486,1,scanning
1610012399.639964,192.168.1.10,11955,10.0.0.1,6666,0,0,0.0001,165,224,0,0,999,13,1427,634,1,scanning
1610012442.8442843,192.168.1.5,58024,8.8.8.8,6666,0,2,0.0001,209,358,0,0,999,12,846,1461,1,scanning
1610012762.5562556,192.168.1.10,16306,8.8.8.8,6666,1,0,0.0001,273,462,0,0,999,8,712,1223,1,scanning
1610013013.141314,192.168.1.10,21128,8.8.8.8,6666,0,2,0.0001,220,499,0,0,999,11,938,1420,1,scanning
1610013064.9864986,192.168.1.5,31752,8.8.8.8,6666,0,2,0.0001,183,436,0,0,999,9,685,1011,1,scanning
1610013592.079208,192.168.1.10,22082,10.0.0.1,6666,0,1,0.0001,184,335,0,0,999,14,749,1290,1,scanning
1610013609.3609362,192.168.1.5,35953,8.8.8.8,6666,0,2,0.0001,148,201,0,0,999,10,1179,660,1,scanning
1610013790.819082,192.168.1.10,11574,8.8.8.8,6666,0,1,0.0001,326,204,0,0,999,7,809,1232,1,scanning
1610014387.038704,192.168.1.10,52604,8.8.8.8,6666,0,2,0.0001,358,427,0,0,999,13,951,1368,1,scanning
1610014464.8064806,192.168.1.5,16659,8.8.8.8,6666,0,2,0.0001,214,351,0,0,999,13,1290,619,1,scanning
1610014784.518452,192.168.1.5,22599,10.0.0.1,6666,1,0,0.0001,385,383,0,0,999,9,1368,584,1,scanning
1610014914.1314132,192.168.1.10,48918,10.0.0.1,6666,0,2,0.0001,113,278,0,0,999,7,1429,715,1,scanning
1610014983.2583258,192.168.1.5,45772,8.8.8.8,6666,1,1,0.0001,185,154,0,0,999,14,861,564,1,scanning
1610015216.5616562,192.168.1.5,60365,8.8.8.8,6666,0,0,0.0001,197,491,0,0,999,12,994,1063,1,scanning
1610015259.765977,192.168.1.10,21414,8.8.8.8,6666,0,0,0.0001,261,314,0,0,999,7,1389,1490,1,scanning
1610015294.329433,192.168.1.5,10517,8.8.8.8,6666,1,1,0.0001,239,431,0,0,999,7,910,1060,1,scanning
1610015337.5337534,192.168.1.10,30823,8.8.8.8,6666,0,1,0.0001,348,425,0,0,999,6,1204,684,1,scanning
1610015458.5058506,192.168.1.10,40856,8.8.8.8,6666,1,0,0.0001,142,333,0,0,999,5,1260,1105,1,scanning
1610015752.2952294,192.168.1.10,55870,10.0.0.1,6666,0,2,0.0001,354,393,0,0,999,6,693,1348,1,scanning
1610015821.4221425,192.168.1.5,51372,10.0.0.1,6666,0,0,0.0001,490,187,0,0,999,9,1263,724,1,scanning
1610016331.2331233,192.168.1.10,62661,10.0.0.1,6666,0,1,0.0001,378,451,0,0,999,11,1479,608,1,scanning
1610016469.4869487,192.168.1.5,23243,10.0.0.1,6666,0,1,0.0001,442,225,0,0,999,9,1118,989,1,scanning
1610016573.1773176,192.168.1.5,42594,10.0.0.1,6666,0,0,0.0001,317,213,0,0,999,5,1349,862,1,scanning
1610016668.2268226,192.168.1.5,40155,10.0.0.1,6666,0,2,0.0001,198,465,0,0,999,10,637,1217,1,scanning
1610016711.431143,192.168.1.5,51576,8.8.8.8,6666,0,2,0.0001,433,248,0,0,999,14,929,688,1,scanning
1610016815.1215122,192.168.1.5,34732,8.8.8.8,6666,1,2,0.0001,241,291,0,0,999,7,1204,736,1,scanning
1610016901.530153,192.168.1.10,43640,10.0.0.1,6666,1,0,0.0001,441,463,0,0,999,12,1339,1251,1,scanning
1610017022.5022502,192.168.1.5,25135,8.8.8.8,6666,1,2,0.0001,272,228,0,0,999,7,1355,1443,1,scanning
1610017126.192619,192.168.1.10,5816,10.0.0.1,6666,0,0,0.0001,161,323,0,0,999,5,1032,1303,1,scanning
1610017186.6786678,192.168.1.5,35230,10.0.0.1,6666,0,1,0.0001,166,127,0,0,999,8,1236,1089,1,scanning
1610017385.418542,192.168.1.10,49917,10.0.0.1,6666,0,0,0.0001,100,429,0,0,999,5,1335,987,1,scanning
1610017445.9045904,192.168.1.10,47601,8.8.8.8,6666,0,1,0.0001,163,386,0,0,999,6,797,784,1,scanning
1610017644.6444645,192.168.1.5,36953,10.0.0.1,6666,0,2,0.0001,422,277,0,0,999,9,672,1450,1,scanning
1610017687.848785,192.168.1.5,28898,8.8.8.8,6666,0,0,0.0001,358,308,0,0,999,12,1339,816,1,scanning
1610017895.229523,192.168.1.5,8550,8.8.8.8,6666,0,0,0.0001,442,196,0,0,999,8,1167,626,1,scanning
1610017929.7929792,192.168.1.5,8854,10.0.0.1,6666,1,2,0.0001,426,360,0,0,999,7,1209,600,1,scanning
1610018275.4275427,192.168.1.10,11279,8.8.8.8,6666,0,2,0.0001,309,245,0,0,999,13,689,1392,1,scanning
1610018379.1179118,192.168.1.5,10527,10.0.0.1,6666,0,1,0.0001,398,423,0,0,999,10,1213,598,1,scanning
1610018465.526553,192.168.1.10,5556,8.8.8.8,6666,0,1,0.0001,148,363,0,0,999,7,1135,883,1,scanning
1610018802.520252,192.168.1.10,14359,8.8.8.8,6666,0,1,0.0001,468,417,0,0,999,6,1167,1468,1,scanning
1610018863.0063007,192.168.1.10,57971,8.8.8.8,6666,0,2,0.0001,181,247,0,0,999,5,587,890,1,scanning
1610018906.210621,192.168.1.10,27417,10.0.0.1,6666,1,2,0.0001,473,342,0,0,999,9,1021,1474,1,scanning
1610018958.0558057,192.168.1.5,10131,8.8.8.8,6666,0,0,0.0001,332,220,0,0,999,13,784,1381,1,scanning
1610019061.7461746,192.168.1.5,54046,10.0.0.1,6666,0,2,0.0001,469,208,0,0,999,8,1461,1305,1,scanning
1610019744.374437,192.168.1.10,43267,10.0.0.1,6666,0,1,0.0001,177,347,0,0,999,9,1499,683,1,scanning
1610020133.2133214,192.168.1.10,39255,10.0.0.1,6666,0,1,0.0001,249,284,0,0,999,8,987,1075,1,scanning
1610020306.0306032,192.168.1.10,22347,10.0.0.1,6666,1,1,0.0001,313,294,0,0,999,8,1056,1491,1,scanning
1610020427.0027003,192.168.1.10,27763,8.8.8.8,6666,0,0,0.0001,474,342,0,0,999,7,1122,888,1,scanning
1610020435.6435645,192.168.1.5,48732,8.8.8.8,6666,1,1,0.0001,237,148,0,0,999,12,911,795,1,scanning
1610020470.2070208,192.168.1.10,37585,10.0.0.1,6666,0,0,0.0001,392,426,0,0,999,13,1465,1021,1,scanning
1610021541.6741674,192.168.1.10,4317,8.8.8.8,6666,0,0,0.0001,217,405,0,0,999,10,826,1351,1,scanning
1610021654.005401,192.168.1.5,17141,10.0.0.1,6666,0,2,0.0001,105,224,0,0,999,8,751,510,1,scanning
1610021723.1323133,192.168.1.5,50924,8.8.8.8,6666,0,0,0.0001,454,264,0,0,999,6,1214,1355,1,scanning
1610021973.7173717,192.168.1.10,8514,10.0.0.1,6666,0,2,0.0001,247,483,0,0,999,5,772,1424,1,scanning
1610022232.9432943,192.168.1.5,4256,10.0.0.1,6666,0,0,0.0001,403,247,0,0,999,8,979,1133,1,scanning
1610022267.5067506,192.168.1.5,59765,8.8.8.8,6666,0,1,0.0001,227,349,0,0,999,13,660,1090,1,scanning
1610022310.711071,192.168.1.10,11707,10.0.0.1,6666,0,0,0.0001,161,486,0,0,999,14,947,1071,1,scanning
1610022457.6057606,192.168.1.5,32045,10.0.0.1,6666,1,2,0.0001,172,124,0,0,999,13,1160,1384,1,scanning
1610022474.8874888,192.168.1.5,45577,10.0.0.1,6666,0,2,0.0001,382,306,0,0,999,5,506,865,1,scanning
1610023174.7974796,192.168.1.10,27579,8.8.8.8,6666,0,1,0.0001,251,283,0,0,999,5,1264,705,1,scanning
1610023243.9243925,192.168.1.10,47785,8.8.8.8,6666,1,1,0.0001,181,113,0,0,999,11,795,1143,1,scanning
1610023382.178218,192.168.1.5,2788,10.0.0.1,6666,0,1,0.0001,132,122,0,0,999,10,1287,1187,1,scanning
1610023546.3546357,192.168.1.10,26732,10.0.0.1,6666,0,1,0.0001,277,189,0,0,999,8,1461,1398,1,scanning
1610023745.0945094,192.168.1.10,2555,8.8.8.8,6666,0,0,0.0001,134,294,0,0,999,12,936,1010,1,scanning
1610023987.038704,192.168.1.5,22006,10.0.0.1,6666,1,1,0.0001,313,347,0,0,999,13,1358,516,1,scanning
1610024116.6516652,192.168.1.5,56953,10.0.0.1,6666,0,2,0.0001,355,162,0,0,999,11,1349,936,1,scanning
1610024462.286229,192.168.1.10,60181,8.8.8.8,6666,0,0,0.0001,435,406,0,0,999,11,780,1306,1,scanning
1610024626.4626462,192.168.1.10,11505,8.8.8.8,6666,0,1,0.0001,136,494,0,0,999,6,689,562,1,scanning
1610024635.1035104,192.168.1.5,34758,8.8.8.8,6666,1,1,0.0001,285,233,0,0,999,5,1285,1143,1,scanning
1610024946.1746175,192.168.1.10,40163,10.0.0.1,6666,0,0,0.0001,179,104,0,0,999,10,896,1295,1,scanning
1610025127.6327634,192.168.1.10,43794,8.8.8.8,6666,0,1,0.0001,490,383,0,0,999,9,623,818,1,scanning
1610025646.0846086,192.168.1.5,45990,8.8.8.8,6666,0,0,0.0001,263,316,0,0,999,9,1428,1367,1,scanning
1610025792.979298,192.168.1.10,20792,8.8.8.8,6666,1,2,0.0001,329,239,0,0,999,7,1019,933,1,scanning
1610025870.7470746,192.168.1.10,11279,10.0.0.1,6666,1,0,0.0001,114,346,0,0,999,10,987,543,1,scanning
1610025888.0288029,192.168.1.5,41548,10.0.0.1,6666,0,2,0.0001,361,394,0,0,999,9,600,851,1,scanning
1610025922.5922592,192.168.1.10,28587,8.8.8.8,6666,0,2,0.0001,205,357,0,0,999,8,966,1161,1,scanning
1610025983.078308,192.168.1.5,7396,8.8.8.8,6666,1,2,0.0001,129,138,0,0,999,14,687,1061,1,scanning
1610026121.3321333,192.168.1.10,16234,8.8.8.8,6666,0,1,0.0001,489,189,0,0,999,14,758,1052,1,scanning
1610026164.5364535,192.168.1.5,35513,8.8.8.8,6666,0,0,0.0001,308,291,0,0,999,14,1121,1425,1,scanning
1610026320.0720072,192.168.1.10,54410,10.0.0.1,6666,0,2,0.0001,487,487,0,0,999,13,1035,1495,1,scanning
1610026363.2763276,192.168.1.5,30035,8.8.8.8,6666,0,0,0.0001,188,412,0,0,999,10,1237,571,1,scanning
1610026389.1989198,192.168.1.5,33474,10.0.0.1,6666,0,0,0.0001,108,219,0,0,999,11,1266,1224,1,scanning
1610026501.530153,192.168.1.5,38708,10.0.0.1,6666,1,0,0.0001,342,207,0,0,999,6,1117,656,1,scanning
1610026631.1431143,192.168.1.10,47221,8.8.8.8,6666,0,2,0.0001,243,235,0,0,999,7,1497,851,1,scanning
1610026821.2421243,192.168.1.10,1543,10.0.0.1,6666,0,1,0.0001,328,405,0,0,999,11,826,1387,1,scanning
1610026959.4959495,192.168.1.10,44172,10.0.0.1,6666,0,2,0.0001,352,319,0,0,999,9,506,544,1,scanning
1610027175.5175517,192.168.1.10,20263,10.0.0.1,6666,0,1,0.0001,183,113,0,0,999,10,956,1391,1,scanning
1610027236.0036004,192.168.1.10,38090,10.0.0.1,6666,1,1,0.0001,399,244,0,0,999,11,809,919,1,scanning
1610027996.3996398,192.168.1.10,58158,8.8.8.8,6666,0,1,0.0001,248,448,0,0,999,8,989,721,1,scanning
1610028238.3438344,192.168.1.10,37761,8.8.8.8,6666,1,1,0.0001,341,497,0,0,999,14,699,900,1,scanning
1610028272.9072907,192.168.1.10,5590,10.0.0.1,6666,1,0,0.0001,481,212,0,0,999,9,1007,618,1,scanning
1610028713.5913591,192.168.1.10,32653,10.0.0.1,6666,0,2,0.0001,126,432,0,0,999,8,1313,912,1,scanning
1610028860.4860487,192.168.1.5,16208,8.8.8.8,6666,0,0,0.0001,107,488,0,0,999,14,1185,635,1,scanning
1610028895.049505,192.168.1.10,34758,8.8.8.8,6666,1,0,0.0001,323,336,0,0,999,12,766,805,1,scanning
1610029257.9657965,192.168.1.5,27637,8.8.8.8,6666,0,2,0.0001,105,137,0,0,999,12,705,1473,1,scanning
1610029318.4518452,192.168.1.10,11837,8.8.8.8,6666,1,2,0.0001,397,141,0,0,999,8,616,846,1,scanning
1610029404.860486,192.168.1.10,51562,8.8.8.8,6666,1,0,0.0001,324,114,0,0,999,10,1451,531,1,scanning
1610029422.1422143,192.168.1.5,44233,8.8.8.8,6666,0,1,0.0001,246,178,0,0,999,8,700,1261,1,scanning
1610029543.1143117,192.168.1.5,37039,8.8.8.8,6666,0,1,0.0001,491,368,0,0,999,6,1470,982,1,scanning
1610029560.3960395,192.168.1.5,35282,10.0.0.1,6666,0,0,0.0001,204,394,0,0,999,8,690,962,1,scanning
1610029620.8820882,192.168.1.10,32137,10.0.0.1,6666,0,2,0.0001,466,313,0,0,999,9,1154,579,1,scanning
1610029690.009001,192.168.1.5,48098,8.8.8.8,6666,0,2,0.0001,293,461,0,0,999,8,515,1198,1,scanning
1610030035.6435645,192.168.1.5,35481,10.0.0.1,6666,1,0,0.0001,487,196,0,0,999,11,1059,1324,1,scanning
1610030182.5382538,192.168.1.10,65150,8.8.8.8,6666,0,2,0.0001,386,264,0,0,999,9,1319,964,1,scanning
1610030484.9684968,192.168.1.10,49904,10.0.0.1,6666,0,1,0.0001,263,361,0,0,999,5,785,1460,1,scanning
1610030623.2223222,192.168.1.5,44130,8.8.8.8,6666,1,0,0.0001,128,116,0,0,999,5,1002,607,1,scanning
1610030865.1665163,192.168.1.10,18297,10.0.0.1,6666,0,1,0.0001,146,320,0,0,999,6,992,1025,1,scanning
1610031055.2655263,192.168.1.5,31744,10.0.0.1,6666,0,1,0.0001,211,442,0,0,999,13,1326,950,1,scanning
1610031167.5967596,192.168.1.10,60562,10.0.0.1,6666,0,1,0.0001,271,345,0,0,999,11,1181,564,1,scanning
1610031323.1323133,192.168.1.10,59245,10.0.0.1,6666,1,0,0.0001,178,446,0,0,999,12,1141,722,1,scanning
1610031504.590459,192.168.1.10,47934,8.8.8.8,6666,1,0,0.0001,359,421,0,0,999,13,1324,636,1,scanning
1610031660.1260126,192.168.1.5,50856,8.8.8.8,6666,0,1,0.0001,326,284,0,0,999,12,684,1196,1,scanning
1610031910.711071,192.168.1.10,56697,8.8.8.8,6666,0,0,0.0001,170,281,0,0,999,7,1332,703,1,scanning
1610031979.8379838,192.168.1.10,2179,8.8.8.8,6666,0,1,0.0001,436,199,0,0,999,11,587,616,1,scanning
1610032066.2466247,192.168.1.5,16272,10.0.0.1,6666,0,1,0.0001,310,150,0,0,999,11,798,918,1,scanning
1610032074.8874888,192.168.1.5,3535,10.0.0.1,6666,0,0,0.0001,481,387,0,0,999,11,1267,1474,1,scanning
1610032481.0081007,192.168.1.5,23519,8.8.8.8,6666,0,2,0.0001,409,327,0,0,999,14,614,696,1,scanning
1610032697.029703,192.168.1.10,57155,10.0.0.1,6666,1,0,0.0001,478,368,0,0,999,5,688,640,1,scanning
1610033051.3051305,192.168.1.10,38432,8.8.8.8,6666,0,1,0.0001,336,216,0,0,999,13,868,1288,1,scanning
1610033154.9954996,192.168.1.10,44752,8.8.8.8,6666,0,0,0.0001,130,193,0,0,999,13,1163,1128,1,scanning
1610033336.4536457,192.168.1.10,19229,10.0.0.1,6666,0,1,0.0001,468,440,0,0,999,7,1439,1164,1,scanning
1610033414.2214222,192.168.1.10,43725,8.8.8.8,6666,0,1,0.0001,434,298,0,0,999,9,514,1250,1,scanning
1610033448.7848785,192.168.1.5,36669,8.8.8.8,6666,0,0,0.0001,255,182,0,0,999,6,517,1464,1,scanning
1610033777.1377137,192.168.1.5,13144,8.8.8.8,6666,0,2,0.0001,446,482,0,0,999,14,1067,979,1,scanning
1610033803.060306,192.168.1.5,64757,8.8.8.8,6666,0,2,0.0001,303,413,0,0,999,7,800,1466,1,scanning
1610034278.3078308,192.168.1.10,7176,8.8.8.8,6666,0,2,0.0001,180,369,0,0,999,14,1365,1437,1,scanning
1610034347.4347434,192.168.1.5,4645,10.0.0.1,6666,0,1,0.0001,438,212,0,0,999,5,609,915,1,scanning
1610034710.351035,192.168.1.5,6936,10.0.0.1,6666,0,1,0.0001,123,429,0,0,999,11,607,1321,1,scanning
1610034736.2736273,192.168.1.10,58056,10.0.0.1,6666,0,2,0.0001,430,155,0,0,999,12,1122,1074,1,scanning
1610034796.759676,192.168.1.5,61043,8.8.8.8,6666,1,2,0.0001,136,294,0,0,999,11,812,561,1,scanning
1610034839.9639964,192.168.1.5,29976,10.0.0.1,6666,0,0,0.0001,460,440,0,0,999,11,1106,732,1,scanning
1610035030.0630064,192.168.1.10,55129,10.0.0.1,6666,1,1,0.0001,284,372,0,0,999,11,1018,927,1,scanning
1610035038.7038703,192.168.1.5,36782,8.8.8.8,6666,1,2,0.0001,277,137,0,0,999,6,1087,509,1,scanning
1610035168.3168316,192.168.1.5,3426,8.8.8.8,6666,0,0,0.0001,313,122,0,0,999,7,1492,902,1,scanning
1610035695.409541,192.168.1.5,38091,10.0.0.1,6666,1,2,0.0001,263,449,0,0,999,6,1219,597,1,scanning
1610035885.508551,192.168.1.5,45122,8.8.8.8,6666,0,0,0.0001,330,410,0,0,999,13,587,764,1,scanning
1610035945.994599,192.168.1.5,12343,8.8.8.8,6666,0,2,0.0001,349,168,0,0,999,12,1242,1050,1,scanning
1610036136.093609,192.168.1.5,47631,10.0.0.1,6666,0,2,0.0001,489,344,0,0,999,7,1237,901,1,scanning
1610036196.579658,192.168.1.10,3537,10.0.0.1,6666,0,2,0.0001,156,390,0,0,999,10,1325,567,1,scanning
1610036403.960396,192.168.1.5,61204,8.8.8.8,6666,0,1,0.0001,237,148,0,0,999,5,1313,1293,1,scanning
1610036447.1647165,192.168.1.10,63967,8.8.8.8,6666,0,2,0.0001,483,380,0,0,999,11,798,1195,1,scanning
1610036550.8550856,192.168.1.5,22610,10.0.0.1,6666,0,2,0.0001,380,251,0,0,999,7,1155,1159,1,scanning
1610036602.70027,192.168.1.10,17889,8.8.8.8,6666,1,1,0.0001,386,423,0,0,999,9,1204,1143,1,scanning
1610036732.3132312,192.168.1.10,59929,8.8.8.8,6666,0,2,0.0001,418,106,0,0,999,9,645,1312,1,scanning
1610036758.2358236,192.168.1.10,39548,10.0.0.1,6666,1,2,0.0001,151,449,0,0,999,6,1200,1237,1,scanning
1610037112.5112512,192.168.1.10,52553,10.0.0.1,6666,0,1,0.0001,269,186,0,0,999,10,1485,767,1,scanning
1610037233.4833484,192.168.1.5,41105,10.0.0.1,6666,0,0,0.0001,472,352,0,0,999,8,819,1000,1,scanning
1610037337.1737173,192.168.1.5,25870,10.0.0.1,6666,0,0,0.0001,334,382,0,0,999,9,593,646,1,scanning
1610037354.4554455,192.168.1.10,58917,10.0.0.1,6666,0,0,0.0001,378,420,0,0,999,13,835,1391,1,scanning
1610037414.9414942,192.168.1.5,55945,10.0.0.1,6666,0,0,0.0001,167,403,0,0,999,12,781,1188,1,scanning
1610037579.1179118,192.168.1.5,63510,10.0.0.1,6666,0,0,0.0001,253,128,0,0,999,5,705,1251,1,scanning
1610037587.758776,192.168.1.10,57903,10.0.0.1,6666,0,2,0.0001,150,472,0,0,999,11,1015,1099,1,scanning
1610037898.829883,192.168.1.5,47964,10.0.0.1,6666,0,2,0.0001,417,337,0,0,999,12,1105,1407,1,scanning
1610038348.1548154,192.168.1.10,14041,8.8.8.8,6666,0,1,0.0001,107,276,0,0,999,7,535,669,1,scanning
1610038374.0774078,192.168.1.5,29836,8.8.8.8,6666,1,0,0.0001,280,287,0,0,999,14,1215,1331,1,scanning
1610038650.5850585,192.168.1.10,38385,8.8.8.8,6666,1,1,0.0001,209,493,0,0,999,7,997,1275,1,scanning
1610038832.0432043,192.168.1.10,63032,8.8.8.8,6666,0,0,0.0001,386,300,0,0,999,14,696,998,1,scanning
1610038901.170117,192.168.1.5,31812,10.0.0.1,6666,0,2,0.0001,334,216,0,0,999,7,1064,681,1,scanning
1610039169.0369036,192.168.1.5,54705,10.0.0.1,6666,0,0,0.0001,324,383,0,0,999,11,1486,857,1,scanning
1610039177.6777678,192.168.1.5,7810,8.8.8.8,6666,0,1,0.0001,376,441,0,0,999,10,1123,627,1,scanning
1610039290.009001,192.168.1.10,23690,8.8.8.8,6666,0,0,0.0001,426,217,0,0,999,5,598,511,1,scanning
1610039402.340234,192.168.1.5,56021,8.8.8.8,6666,1,0,0.0001,162,449,0,0,999,12,1448,1310,1,scanning
1610039670.2070208,192.168.1.5,30342,10.0.0.1,6666,0,2,0.0001,335,121,0,0,999,5,1378,1431,1,scanning
1610039877.5877588,192.168.1.5,52338,10.0.0.1,6666,0,1,0.0001,306,190,0,0,999,6,601,1176,1,scanning
1610040067.6867688,192.168.1.5,46583,10.0.0.1,6666,1,2,0.0001,327,210,0,0,999,12,1275,1123,1,scanning
1610040119.531953,192.168.1.5,27044,10.0.0.1,6666,0,1,0.0001,251,346,0,0,999,7,544,1470,1,scanning
1610040257.7857783,192.168.1.10,60779,8.8.8.8,6666,0,0,0.0001,436,326,0,0,999,12,1318,1288,1,scanning
1610040344.1944194,192.168.1.10,56514,10.0.0.1,6666,0,0,0.0001,107,135,0,0,999,6,812,561,1,scanning
1610040603.420342,192.168.1.10,37884,10.0.0.1,6666,0,0,0.0001,442,279,0,0,999,7,1041,1104,1,scanning
1610041000.90009,192.168.1.5,47636,8.8.8.8,6666,0,0,0.0001,240,220,0,0,999,12,568,825,1,scanning
1610041104.590459,192.168.1.10,36814,10.0.0.1,6666,0,0,0.0001,280,454,0,0,999,6,1095,689,1,scanning
1610041199.639964,192.168.1.10,24171,10.0.0.1,6666,1,1,0.0001,492,123,0,0,999,14,1385,664,1,scanning
1610041277.4077408,192.168.1.10,43839,8.8.8.8,6666,0,2,0.0001,438,344,0,0,999,10,1045,839,1,scanning
1610041588.478848,192.168.1.10,13524,8.8.8.8,6666,0,1,0.0001,297,103,0,0,999,12,615,754,1,scanning
1610041692.1692169,192.168.1.10,23355,10.0.0.1,6666,0,2,0.0001,329,428,0,0,999,12,598,770,1,scanning
1610041744.0144014,192.168.1.5,4242,8.8.8.8,6666,0,0,0.0001,160,140,0,0,999,13,1009,1100,1,scanning
1610041787.218722,192.168.1.10,56176,8.8.8.8,6666,0,0,0.0001,454,409,0,0,999,8,714,1202,1,scanning
1610041795.859586,192.168.1.5,50104,8.8.8.8,6666,0,2,0.0001,338,191,0,0,999,14,869,722,1,scanning
1610042141.4941494,192.168.1.5,53659,10.0.0.1,6666,0,2,0.0001,223,139,0,0,999,6,1025,1236,1,scanning
1610042279.7479749,192.168.1.5,50071,10.0.0.1,6666,0,2,0.0001,358,115,0,0,999,7,1277,931,1,scanning
1610042314.3114312,192.168.1.5,43708,8.8.8.8,6666,0,1,0.0001,325,498,0,0,999,13,1262,1377,1,scanning
1610042780.9180918,192.168.1.10,37883,10.0.0.1,6666,0,2,0.0001,192,465,0,0,999,12,1078,1344,1,scanning
1610042806.8406842,192.168.1.5,47752,10.0.0.1,6666,0,2,0.0001,447,313,0,0,999,9,1093,934,1,scanning
1610042858.6858685,192.168.1.10,12109,8.8.8.8,6666,0,1,0.0001,408,457,0,0,999,10,1353,1273,1,scanning
1610043135.1935194,192.168.1.10,40408,8.8.8.8,6666,0,1,0.0001,104,155,0,0,999,12,1146,1231,1,scanning
1610043187.038704,192.168.1.10,37608,8.8.8.8,6666,1,2,0.0001,353,262,0,0,999,12,1263,531,1,scanning
1610043636.3636365,192.168.1.10,47731,8.8.8.8,6666,1,1,0.0001,241,137,0,0,999,9,561,1092,1,scanning
1610043645.0045004,192.168.1.5,12243,8.8.8.8,6666,1,0,0.0001,338,183,0,0,999,5,1113,996,1,scanning
1610044474.5274527,192.168.1.5,64856,8.8.8.8,6666,0,2,0.0001,339,158,0,0,999,8,597,928,1,scanning
1610044483.1683168,192.168.1.5,28940,10.0.0.1,6666,0,0,0.0001,293,396,0,0,999,13,1415,1361,1,scanning
1610044621.4221425,192.168.1.5,54993,8.8.8.8,6666,1,0,0.0001,390,188,0,0,999,6,980,662,1,scanning
1610044742.3942394,192.168.1.10,65346,8.8.8.8,6666,1,2,0.0001,488,491,0,0,999,10,812,954,1,scanning
1610044854.7254725,192.168.1.10,54824,10.0.0.1,6666,1,0,0.0001,344,160,0,0,999,8,529,1053,1,scanning
1610044932.4932494,192.168.1.10,62166,8.8.8.8,6666,0,0,0.0001,361,341,0,0,999,13,918,689,1,scanning
1610045442.3042305,192.168.1.10,45408,10.0.0.1,6666,0,2,0.0001,149,277,0,0,999,8,1223,1453,1,scanning
1610045839.7839785,192.168.1.5,34892,10.0.0.1,6666,1,2,0.0001,398,191,0,0,999,11,643,1275,1,scanning
1610045995.319532,192.168.1.10,65118,10.0.0.1,6666,0,2,0.0001,383,485,0,0,999,13,685,1308,1,scanning
1610046150.8550856,192.168.1.10,23489,8.8.8.8,6666,0,0,0.0001,165,187,0,0,999,8,1497,1071,1,scanning
1610046850.7650764,192.168.1.10,22597,10.0.0.1,6666,0,0,0.0001,298,135,0,0,999,5,624,807,1,scanning
1610046902.610261,192.168.1.10,44487,10.0.0.1,6666,0,0,0.0001,488,240,0,0,999,13,706,1215,1,scanning
1610047040.8640864,192.168.1.5,58670,8.8.8.8,6666,1,0,0.0001,176,121,0,0,999,9,853,762,1,scanning
1610047109.990999,192.168.1.5,26159,10.0.0.1,6666,0,0,0.0001,128,332,0,0,999,13,1264,1043,1,scanning
1610047135.9135914,192.168.1.5,39586,10.0.0.1,6666,0,1,0.0001,100,475,0,0,999,8,1128,632,1,scanning
1610047213.681368,192.168.1.10,63628,10.0.0.1,6666,0,2,0.0001,214,328,0,0,999,11,1161,1479,1,scanning
1610047533.3933394,192.168.1.5,61803,8.8.8.8,6666,0,2,0.0001,206,214,0,0,999,12,1420,1464,1,scanning
1610047671.6471648,192.168.1.10,55643,8.8.8.8,6666,0,1,0.0001,348,360,0,0,999,6,1438,734,1,scanning
1610047801.260126,192.168.1.5,62007,8.8.8.8,6666,0,2,0.0001,425,420,0,0,999,11,767,1164,1,scanning
1610048198.739874,192.168.1.10,11583,10.0.0.1,6666,1,0,0.0001,464,285,0,0,999,10,735,1333,1,scanning
1610048432.0432043,192.168.1.5,27526,8.8.8.8,6666,1,0,0.0001,435,261,0,0,999,13,1036,1183,1,scanning
1610048699.909991,192.168.1.10,32382,8.8.8.8,6666,0,0,0.0001,404,311,0,0,999,12,728,912,1,scanning
1610048717.191719,192.168.1.5,58502,10.0.0.1,6666,0,0,0.0001,491,136,0,0,999,13,1406,785,1,scanning
1610048751.7551756,192.168.1.10,52714,10.0.0.1,6666,0,0,0.0001,139,228,0,0,999,13,601,1111,1,scanning
1610048907.290729,192.168.1.5,4490,8.8.8.8,6666,0,0,0.0001,483,297,0,0,999,9,1432,1340,1,scanning
1610049607.20072,192.168.1.5,2933,10.0.0.1,6666,0,2,0.0001,100,154,0,0,999,13,1331,1157,1,scanning
1610049978.7578757,192.168.1.10,35255,10.0.0.1,6666,0,1,0.0001,422,133,0,0,999,5,872,1099,1,scanning
1610050091.089109,192.168.1.5,65414,10.0.0.1,6666,0,0,0.0001,218,271,0,0,999,6,1249,969,1,scanning
1610050186.138614,192.168.1.10,5214,8.8.8.8,6666,0,1,0.0001,212,121,0,0,999,10,1468,775,1,scanning
1610050402.160216,192.168.1.5,19097,8.8.8.8,6666,0,2,0.0001,390,368,0,0,999,9,1389,846,1,scanning
1610050514.491449,192.168.1.10,50736,8.8.8.8,6666,0,1,0.0001,268,206,0,0,999,9,677,869,1,scanning
1610050687.3087308,192.168.1.5,52492,8.8.8.8,6666,1,1,0.0001,442,420,0,0,999,10,729,535,1,scanning
1610050816.921692,192.168.1.5,29185,8.8.8.8,6666,0,0,0.0001,183,191,0,0,999,12,597,718,1,scanning
1610051430.4230423,192.168.1.10,24389,8.8.8.8,6666,0,2,0.0001,202,142,0,0,999,9,711,1293,1,scanning
1610051499.549955,192.168.1.5,49372,10.0.0.1,6666,0,2,0.0001,218,251,0,0,999,14,780,670,1,scanning
1610051542.754275,192.168.1.5,57218,8.8.8.8,6666,0,2,0.0001,124,411,0,0,999,14,615,695,1,scanning
1610051611.8811882,192.168.1.5,58000,8.8.8.8,6666,0,2,0.0001,208,156,0,0,999,9,584,814,1,scanning
1610051706.9306931,192.168.1.5,15150,8.8.8.8,6666,0,2,0.0001,179,270,0,0,999,7,1155,1165,1,scanning
1610051776.0576055,192.168.1.10,34552,8.8.8.8,6666,0,0,0.0001,150,280,0,0,999,14,772,997,1,scanning
1610052087.128713,192.168.1.5,5881,8.8.8.8,6666,0,0,0.0001,151,128,0,0,999,11,710,723,1,scanning
1610052095.769577,192.168.1.10,13142,8.8.8.8,6666,0,1,0.0001,241,397,0,0,999,14,740,1289,1,scanning
1610052717.911791,192.168.1.10,47218,10.0.0.1,6666,0,0,0.0001,194,246,0,0,999,5,1029,1042,1,scanning
1610052795.679568,192.168.1.10,36367,10.0.0.1,6666,0,0,0.0001,332,400,0,0,999,13,771,1270,1,scanning
1610052821.6021602,192.168.1.5,39977,8.8.8.8,6666,0,1,0.0001,468,325,0,0,999,6,583,1455,1,scanning
1610052847.5247524,192.168.1.5,17685,10.0.0.1,6666,0,2,0.0001,453,307,0,0,999,13,1031,1337,1,scanning
1610052873.4473448,192.168.1.10,33857,8.8.8.8,6666,0,0,0.0001,494,343,0,0,999,6,870,1418,1,scanning
1610053072.187219,192.168.1.10,28377,8.8.8.8,6666,0,0,0.0001,111,112,0,0,999,5,1032,1359,1,scanning
1610053167.2367237,192.168.1.5,5565,10.0.0.1,6666,0,2,0.0001,402,118,0,0,999,5,604,1300,1,scanning
1610053210.441044,192.168.1.5,58500,10.0.0.1,6666,0,0,0.0001,432,372,0,0,999,12,1120,1403,1,scanning
1610053322.772277,192.168.1.5,23100,10.0.0.1,6666,0,1,0.0001,114,109,0,0,999,6,1396,1431,1,scanning
1610054005.40054,192.168.1.10,22610,10.0.0.1,6666,1,0,0.0001,114,319,0,0,999,6,1212,551,1,scanning
1610054039.9639964,192.168.1.10,30519,8.8.8.8,6666,0,1,0.0001,310,178,0,0,999,10,825,1416,1,scanning
1610054558.4158416,192.168.1.10,26000,10.0.0.1,6666,0,1,0.0001,456,421,0,0,999,7,874,612,1,scanning
1610054713.951395,192.168.1.10,63010,8.8.8.8,6666,0,2,0.0001,216,305,0,0,999,7,876,819,1,scanning
1610054809.0009,192.168.1.10,5882,8.8.8.8,6666,1,1,0.0001,138,330,0,0,999,14,1475,733,1,scanning
1610055042.3042305,192.168.1.5,56087,8.8.8.8,6666,0,2,0.0001,376,286,0,0,999,5,917,1350,1,scanning
1610055249.6849685,192.168.1.5,56224,10.0.0.1,6666,1,0,0.0001,441,441,0,0,999,5,1305,505,1,scanning
1610056113.771377,192.168.1.5,18069,10.0.0.1,6666,0,2,0.0001,136,263,0,0,999,5,620,1206,1,scanning
1610056372.9972997,192.168.1.5,20952,8.8.8.8,6666,0,0,0.0001,215,192,0,0,999,7,1422,834,1,scanning
1610056502.610261,192.168.1.10,15203,8.8.8.8,6666,0,0,0.0001,412,407,0,0,999,8,1001,734,1,scanning
1610056589.0189018,192.168.1.5,52076,8.8.8.8,6666,0,0,0.0001,332,265,0,0,999,5,1110,1170,1,scanning
1610056597.659766,192.168.1.5,52393,10.0.0.1,6666,0,2,0.0001,271,160,0,0,999,7,919,891,1,scanning
1610056658.145815,192.168.1.10,58826,8.8.8.8,6666,0,2,0.0001,250,237,0,0,999,14,908,544,1,scanning
1610056848.2448244,192.168.1.10,21921,10.0.0.1,6666,0,1,0.0001,373,240,0,0,999,12,797,551,1,scanning
1610057012.4212422,192.168.1.5,18885,10.0.0.1,6666,1,0,0.0001,108,203,0,0,999,13,787,696,1,scanning
1610057142.0342035,192.168.1.10,1371,8.8.8.8,6666,0,1,0.0001,313,105,0,0,999,11,1441,690,1,scanning
1610057323.4923491,192.168.1.10,13962,10.0.0.1,6666,0,0,0.0001,461,100,0,0,999,14,1079,503,1,scanning
1610057427.1827185,192.168.1.10,65163,10.0.0.1,6666,0,1,0.0001,220,253,0,0,999,9,1318,504,1,scanning
1610057496.3096309,192.168.1.10,22719,10.0.0.1,6666,0,1,0.0001,424,357,0,0,999,7,641,835,1,scanning
1610057582.7182715,192.168.1.5,30738,8.8.8.8,6666,0,1,0.0001,204,242,0,0,999,8,632,880,1,scanning
1610057712.331233,192.168.1.10,18756,8.8.8.8,6666,0,1,0.0001,284,478,0,0,999,11,1248,1363,1,scanning
1610057772.8172815,192.168.1.10,36825,10.0.0.1,6666,0,0,0.0001,424,205,0,0,999,6,570,962,1,scanning
1610058040.6840684,192.168.1.5,53160,8.8.8.8,6666,0,1,0.0001,272,282,0,0,999,8,1307,1300,1,scanning
1610058222.1422143,192.168.1.10,60672,10.0.0.1,6666,0,0,0.0001,417,317,0,0,999,7,904,1019,1,scanning
1610058360.3960395,192.168.1.10,40575,8.8.8.8,6666,0,1,0.0001,440,137,0,0,999,7,1392,530,1,scanning
1610058524.5724573,192.168.1.5,14477,10.0.0.1,6666,0,1,0.0001,437,172,0,0,999,10,1118,1093,1,scanning
1610058628.2628262,192.168.1.10,8434,8.8.8.8,6666,0,2,0.0001,157,162,0,0,999,8,512,901,1,scanning
1610058749.2349236,192.168.1.5,41436,8.8.8.8,6666,1,2,0.0001,243,338,0,0,999,10,649,1286,1,scanning
1610059241.7641764,192.168.1.5,2509,8.8.8.8,6666,0,0,0.0001,402,276,0,0,999,14,1277,1127,1,scanning
1610059276.327633,192.168.1.5,3443,8.8.8.8,6666,0,0,0.0001,251,219,0,0,999,10,1227,560,1,scanning
1610059302.250225,192.168.1.5,49104,10.0.0.1,6666,1,0,0.0001,269,121,0,0,999,5,536,1136,1,scanning
1610059535.5535553,192.168.1.10,25786,8.8.8.8,6666,0,1,0.0001,310,263,0,0,999,8,1193,505,1,scanning
1610059760.2160215,192.168.1.5,4622,8.8.8.8,6666,0,1,0.0001,249,117,0,0,999,5,553,876,1,scanning
1610059768.8568857,192.168.1.5,11588,8.8.8.8,6666,1,1,0.0001,103,353,0,0,999,10,830,847,1,scanning
1610060477.4077408,192.168.1.5,58676,8.8.8.8,6666,0,1,0.0001,161,379,0,0,999,13,922,1427,1,scanning
1610060632.9432943,192.168.1.5,60392,8.8.8.8,6666,0,1,0.0001,378,186,0,0,999,12,1088,1182,1,scanning
1610061064.9864986,192.168.1.5,43770,10.0.0.1,6666,1,2,0.0001,411,436,0,0,999,6,953,1207,1,scanning
1610061306.9306931,192.168.1.5,62056,10.0.0.1,6666,0,0,0.0001,328,462,0,0,999,12,1315,689,1,scanning
1610061462.4662466,192.168.1.10,61101,10.0.0.1,6666,0,0,0.0001,172,206,0,0,999,11,1172,735,1,scanning
1610061557.5157516,192.168.1.10,23099,8.8.8.8,6666,0,0,0.0001,403,316,0,0,999,13,752,1280,1,scanning
1610061972.2772276,192.168.1.10,30347,10.0.0.1,6666,0,0,0.0001,495,447,0,0,999,11,601,736,1,scanning
1610062067.3267326,192.168.1.10,2840,8.8.8.8,6666,0,2,0.0001,159,286,0,0,999,11,685,673,1,scanning
1610062300.630063,192.168.1.5,25809,8.8.8.8,6666,0,1,0.0001,377,169,0,0,999,12,1123,707,1,scanning
1610062309.2709272,192.168.1.10,3117,10.0.0.1,6666,1,2,0.0001,116,499,0,0,999,6,1054,741,1,scanning
1610062490.7290728,192.168.1.5,56918,10.0.0.1,6666,0,2,0.0001,368,363,0,0,999,12,1129,1247,1,scanning
1610062542.5742574,192.168.1.10,28591,10.0.0.1,6666,1,2,0.0001,290,106,0,0,999,6,1387,654,1,scanning
1610062654.9054906,192.168.1.10,40737,10.0.0.1,6666,0,2,0.0001,182,177,0,0,999,8,1123,578,1,scanning
1610063112.871287,192.168.1.10,47648,8.8.8.8,6666,0,0,0.0001,445,452,0,0,999,12,543,1321,1,scanning
1610063164.7164717,192.168.1.5,21336,10.0.0.1,6666,0,0,0.0001,215,369,0,0,999,10,686,1317,1,scanning
1610063458.5058506,192.168.1.5,41755,8.8.8.8,6666,0,2,0.0001,147,354,0,0,999,5,735,648,1,scanning
1610063518.9918993,192.168.1.5,7790,10.0.0.1,6666,0,1,0.0001,312,350,0,0,999,6,1155,1246,1,scanning
1610063881.9081907,192.168.1.10,51732,8.8.8.8,6666,0,2,0.0001,401,399,0,0,999,13,810,961,1,scanning
1610063890.5490549,192.168.1.5,52381,8.8.8.8,6666,0,2,0.0001,484,482,0,0,999,12,1343,813,1,scanning
1610064054.7254725,192.168.1.10,7654,10.0.0.1,6666,0,0,0.0001,426,417,0,0,999,5,1369,732,1,scanning
1610064201.620162,192.168.1.10,8638,10.0.0.1,6666,0,2,0.0001,381,119,0,0,999,11,1283,1256,1,scanning
1610064296.669667,192.168.1.10,2439,10.0.0.1,6666,0,0,0.0001,308,361,0,0,999,9,1034,977,1,scanning
1610064486.7686768,192.168.1.5,17089,10.0.0.1,6666,0,0,0.0001,270,416,0,0,999,9,939,786,1,scanning
1610064529.9729972,192.168.1.10,39993,8.8.8.8,6666,0,1,0.0001,368,256,0,0,999,6,1273,761,1,scanning
1610064797.839784,192.168.1.10,17696,10.0.0.1,6666,1,1,0.0001,379,468,0,0,999,5,1274,555,1,scanning
1610064892.889289,192.168.1.5,51622,10.0.0.1,6666,0,0,0.0001,152,364,0,0,999,14,1438,754,1,scanning
1610065385.418542,192.168.1.5,15480,10.0.0.1,6666,1,2,0.0001,391,136,0,0,999,6,1205,1335,1,scanning
1610065627.3627362,192.168.1.5,63533,8.8.8.8,6666,0,2,0.0001,147,203,0,0,999,11,602,990,1,scanning
1610065912.5112512,192.168.1.5,55916,8.8.8.8,6666,0,1,0.0001,441,148,0,0,999,12,1414,505,1,scanning
1610065964.3564355,192.168.1.5,17230,10.0.0.1,6666,0,0,0.0001,375,157,0,0,999,11,639,648,1,scanning
1610066396.3996398,192.168.1.5,47077,8.8.8.8,6666,1,1,0.0001,390,325,0,0,999,8,1106,900,1,scanning
1610066430.9630964,192.168.1.10,60214,8.8.8.8,6666,0,1,0.0001,138,467,0,0,999,7,903,953,1,scanning
1610066526.0126014,192.168.1.5,35388,8.8.8.8,6666,0,2,0.0001,346,409,0,0,999,6,586,1457,1,scanning
1610066534.6534653,192.168.1.10,17887,10.0.0.1,6666,0,0,0.0001,469,115,0,0,999,13,976,1225,1,scanning
1610066586.4986498,192.168.1.5,8943,8.8.8.8,6666,0,0,0.0001,222,152,0,0,999,8,939,753,1,scanning
1610066906.210621,192.168.1.10,8928,10.0.0.1,6666,0,0,0.0001,390,298,0,0,999,13,1237,863,1,scanning
1610066949.4149415,192.168.1.10,25275,10.0.0.1,6666,0,1,0.0001,296,361,0,0,999,6,640,1245,1,scanning
1610067243.2043204,192.168.1.10,8169,10.0.0.1,6666,1,1,0.0001,139,116,0,0,999,10,567,733,1,scanning
1610067286.4086409,192.168.1.5,5854,10.0.0.1,6666,0,1,0.0001,230,411,0,0,999,5,764,1407,1,scanning
1610067312.331233,192.168.1.5,43626,8.8.8.8,6666,0,0,0.0001,164,202,0,0,999,7,902,809,1,scanning
1610067364.1764176,192.168.1.10,3184,8.8.8.8,6666,0,2,0.0001,202,410,0,0,999,8,1403,1078,1,scanning
1610067398.739874,192.168.1.10,21157,10.0.0.1,6666,0,2,0.0001,436,285,0,0,999,10,1435,682,1,scanning
1610067416.0216022,192.168.1.10,36714,10.0.0.1,6666,0,1,0.0001,185,424,0,0,999,11,745,522,1,scanning
1610067545.6345634,192.168.1.10,56571,10.0.0.1,6666,1,1,0.0001,365,366,0,0,999,10,809,1204,1,scanning
1610067640.6840684,192.168.1.10,41679,8.8.8.8,6666,1,0,0.0001,316,211,0,0,999,14,765,1101,1,scanning
1610067718.4518452,192.168.1.10,58027,10.0.0.1,6666,0,0,0.0001,308,268,0,0,999,7,1066,1179,1,scanning
1610067813.5013502,192.168.1.5,24406,10.0.0.1,6666,0,1,0.0001,230,298,0,0,999,5,1227,1264,1,scanning
1610067925.8325832,192.168.1.5,31199,10.0.0.1,6666,1,0,0.0001,288,474,0,0,999,7,924,1239,1,scanning
1610067986.318632,192.168.1.5,57464,8.8.8.8,6666,0,2,0.0001,177,404,0,0,999,6,1456,808,1,scanning
1610068055.4455445,192.168.1.5,32712,8.8.8.8,6666,0,0,0.0001,158,430,0,0,999,8,602,658,1,scanning
1610068115.9315932,192.168.1.10,63181,8.8.8.8,6666,1,1,0.0001,417,114,0,0,999,13,855,1302,1,scanning
1610068124.5724573,192.168.1.5,4240,10.0.0.1,6666,0,2,0.0001,328,221,0,0,999,5,740,859,1,scanning
1610068418.3618362,192.168.1.5,16124,10.0.0.1,6666,0,1,0.0001,270,462,0,0,999,12,1258,1004,1,scanning
1610068798.559856,192.168.1.5,28522,10.0.0.1,6666,0,2,0.0001,244,184,0,0,999,6,1085,1145,1,scanning
1610068876.327633,192.168.1.10,64401,10.0.0.1,6666,0,1,0.0001,358,301,0,0,999,5,679,943,1,scanning
1610068910.8910892,192.168.1.10,8765,8.8.8.8,6666,0,0,0.0001,100,356,0,0,999,10,983,1468,1,scanning
1610069109.630963,192.168.1.5,42430,8.8.8.8,6666,0,1,0.0001,169,481,0,0,999,6,1266,503,1,scanning
1610069662.6462646,192.168.1.5,47270,10.0.0.1,6666,0,0,0.0001,497,456,0,0,999,6,1233,1448,1,scanning
1610069792.2592258,192.168.1.5,1270,8.8.8.8,6666,0,1,0.0001,435,307,0,0,999,13,1126,876,1,scanning
1610069887.3087308,192.168.1.10,53079,10.0.0.1,6666,0,1,0.0001,266,476,0,0,999,14,649,1139,1,scanning
1610070241.5841584,192.168.1.10,43249,10.0.0.1,6666,0,1,0.0001,471,330,0,0,999,11,1468,780,1,scanning
1610070414.40144,192.168.1.10,61288,8.8.8.8,6666,0,0,0.0001,311,410,0,0,999,6,886,842,1,scanning
1610070431.6831684,192.168.1.10,8316,10.0.0.1,6666,0,1,0.0001,364,156,0,0,999,7,555,570,1,scanning
1610070466.2466247,192.168.1.10,56176,8.8.8.8,6666,0,1,0.0001,445,246,0,0,999,5,1176,793,1,scanning
1610070708.190819,192.168.1.10,23227,10.0.0.1,6666,1,2,0.0001,211,489,0,0,999,9,927,1433,1,scanning
1610070811.8811882,192.168.1.5,21126,8.8.8.8,6666,0,0,0.0001,481,322,0,0,999,14,751,742,1,scanning
1610071382.178218,192.168.1.10,1666,10.0.0.1,6666,1,1,0.0001,383,301,0,0,999,6,751,1025,1,scanning
1610071537.713771,192.168.1.5,50530,10.0.0.1,6666,0,0,0.0001,343,213,0,0,999,5,1089,1299,1,scanning
1610071572.2772276,192.168.1.5,43631,10.0.0.1,6666,0,2,0.0001,406,396,0,0,999,11,575,1004,1,scanning
1610071762.3762376,192.168.1.5,36619,8.8.8.8,6666,1,2,0.0001,242,250,0,0,999,10,1105,762,1,scanning
1610071909.2709272,192.168.1.10,7639,10.0.0.1,6666,0,1,0.0001,449,115,0,0,999,5,659,693,1,scanning
1610072142.5742574,192.168.1.10,33293,8.8.8.8,6666,0,2,0.0001,389,108,0,0,999,5,768,667,1,scanning
1610072324.0324032,192.168.1.5,29157,8.8.8.8,6666,0,0,0.0001,364,472,0,0,999,9,917,911,1,scanning
1610072393.1593158,192.168.1.5,57806,10.0.0.1,6666,0,0,0.0001,457,363,0,0,999,6,747,1051,1,scanning
1610073067.1467147,192.168.1.5,48829,8.8.8.8,6666,0,1,0.0001,148,381,0,0,999,12,1248,812,1,scanning
1610073222.682268,192.168.1.5,5929,8.8.8.8,6666,0,0,0.0001,413,227,0,0,999,11,1100,741,1,scanning
1610073265.8865886,192.168.1.10,42935,10.0.0.1,6666,0,0,0.0001,337,166,0,0,999,11,756,1192,1,scanning
1610073594.239424,192.168.1.10,25820,8.8.8.8,6666,0,2,0.0001,472,368,0,0,999,6,1020,1392,1,scanning
1610073767.0567057,192.168.1.5,14810,8.8.8.8,6666,1,1,0.0001,213,141,0,0,999,6,683,734,1,scanning
1610074095.409541,192.168.1.10,59451,8.8.8.8,6666,0,0,0.0001,188,165,0,0,999,6,1073,1380,1,scanning
1610074250.9450946,192.168.1.5,36359,10.0.0.1,6666,0,0,0.0001,294,347,0,0,999,14,515,782,1,scanning
1610074380.558056,192.168.1.10,55944,10.0.0.1,6666,1,2,0.0001,418,345,0,0,999,13,759,728,1,scanning
1610074536.093609,192.168.1.10,27389,8.8.8.8,6666,0,1,0.0001,402,126,0,0,999,13,1214,768,1,scanning
1610074613.861386,192.168.1.10,25848,8.8.8.8,6666,0,0,0.0001,366,462,0,0,999,10,1145,1091,1,scanning
1610074743.4743474,192.168.1.10,50878,8.8.8.8,6666,0,2,0.0001,447,117,0,0,999,12,1045,1093,1,scanning
1610074864.4464447,192.168.1.5,43467,8.8.8.8,6666,1,0,0.0001,369,168,0,0,999,5,881,1013,1,scanning
1610075996.3996398,192.168.1.10,12850,10.0.0.1,6666,1,1,0.0001,136,136,0,0,999,12,1309,772,1,scanning
1610076022.3222322,192.168.1.5,35153,10.0.0.1,6666,1,2,0.0001,251,226,0,0,999,11,634,1150,1,scanning
1610076212.4212422,192.168.1.10,63331,8.8.8.8,6666,0,2,0.0001,177,451,0,0,999,11,1359,617,1,scanning
1610076350.6750674,192.168.1.5,52842,10.0.0.1,6666,0,0,0.0001,171,156,0,0,999,7,752,1019,1,scanning
1610076558.0558057,192.168.1.10,50987,10.0.0.1,6666,0,1,0.0001,426,476,0,0,999,12,560,728,1,scanning
1610077249.3249326,192.168.1.10,58898,8.8.8.8,6666,1,0,0.0001,294,385,0,0,999,8,778,1429,1,scanning
1610077422.1422143,192.168.1.5,38201,8.8.8.8,6666,0,2,0.0001,368,491,0,0,999,13,1049,804,1,scanning
1610077439.4239423,192.168.1.5,57555,10.0.0.1,6666,0,2,0.0001,234,421,0,0,999,13,650,918,1,scanning
1610077664.0864086,192.168.1.10,42667,10.0.0.1,6666,1,0,0.0001,343,221,0,0,999,9,615,559,1,scanning
1610077733.2133214,192.168.1.5,47389,8.8.8.8,6666,1,2,0.0001,308,207,0,0,999,6,1363,741,1,scanning
1610077957.8757875,192.168.1.5,40513,10.0.0.1,6666,1,0,0.0001,279,355,0,0,999,8,1176,833,1,scanning
1610078035.6435645,192.168.1.10,45421,10.0.0.1,6666,0,1,0.0001,189,243,0,0,999,11,807,508,1,scanning
1610078139.3339334,192.168.1.10,28454,8.8.8.8,6666,0,2,0.0001,215,359,0,0,999,5,1487,751,1,scanning
1610078199.819982,192.168.1.5,57256,8.8.8.8,6666,0,0,0.0001,285,299,0,0,999,10,1473,1392,1,scanning
1610078312.151215,192.168.1.10,40279,10.0.0.1,6666,0,0,0.0001,488,172,0,0,999,13,1461,1197,1,scanning
1610078692.3492348,192.168.1.5,56138,10.0.0.1,6666,1,0,0.0001,141,386,0,0,999,10,657,1076,1,scanning
1610078726.9126914,192.168.1.5,14914,10.0.0.1,6666,0,2,0.0001,242,463,0,0,999,9,1399,520,1,scanning
1610078770.1170118,192.168.1.5,31145,8.8.8.8,6666,1,2,0.0001,194,372,0,0,999,9,1150,1046,1,scanning
1610078891.089109,192.168.1.5,18625,10.0.0.1,6666,0,2,0.0001,240,390,0,0,999,5,1291,1313,1,scanning
1610078968.8568857,192.168.1.10,39988,8.8.8.8,6666,0,1,0.0001,318,456,0,0,999,6,1266,1392,1,scanning
1610078977.4977498,192.168.1.10,17316,8.8.8.8,6666,0,0,0.0001,133,171,0,0,999,7,1428,1114,1,scanning
1610079020.7020702,192.168.1.10,31407,10.0.0.1,6666,0,0,0.0001,440,271,0,0,999,6,503,613,1,scanning
1610079470.0270028,192.168.1.10,37470,8.8.8.8,6666,0,1,0.0001,233,403,0,0,999,8,1429,1388,1,scanning
1610079521.8721871,192.168.1.10,51085,8.8.8.8,6666,0,0,0.0001,247,293,0,0,999,14,1313,540,1,scanning
1610079530.5130513,192.168.1.10,58643,10.0.0.1,6666,1,0,0.0001,385,192,0,0,999,5,1440,1005,1,scanning
1610079539.1539154,192.168.1.5,59259,8.8.8.8,6666,0,2,0.0001,117,469,0,0,999,10,1407,1052,1,scanning
1610079573.7173717,192.168.1.10,62425,8.8.8.8,6666,1,1,0.0001,187,413,0,0,999,6,599,1127,1,scanning
1610079660.1260126,192.168.1.10,42530,8.8.8.8,6666,0,2,0.0001,139,380,0,0,999,8,620,700,1,scanning
1610079711.9711971,192.168.1.10,57677,8.8.8.8,6666,0,2,0.0001,138,194,0,0,999,5,1338,996,1,scanning
1610080204.50045,192.168.1.10,64495,8.8.8.8,6666,0,0,0.0001,204,268,0,0,999,11,1273,1408,1,scanning
1610080351.3951397,192.168.1.5,35842,10.0.0.1,6666,0,0,0.0001,330,129,0,0,999,9,586,601,1,scanning
1610080524.2124212,192.168.1.5,12611,10.0.0.1,6666,0,2,0.0001,233,280,0,0,999,6,910,1299,1,scanning
1610080714.3114312,192.168.1.5,22754,10.0.0.1,6666,0,2,0.0001,384,181,0,0,999,6,1087,1156,1,scanning
1610080887.128713,192.168.1.5,60043,8.8.8.8,6666,0,1,0.0001,158,147,0,0,999,8,1203,805,1,scanning
1610080913.051305,192.168.1.5,19854,10.0.0.1,6666,1,1,0.0001,416,361,0,0,999,7,1023,610,1,scanning
1610080947.6147616,192.168.1.10,4615,10.0.0.1,6666,1,0,0.0001,420,450,0,0,999,11,781,1090,1,scanning
1610081232.7632763,192.168.1.10,34617,10.0.0.1,6666,0,1,0.0001,349,270,0,0,999,10,1219,709,1,scanning
1610081284.608461,192.168.1.10,57235,10.0.0.1,6666,0,1,0.0001,450,434,0,0,999,11,678,726,1,scanning
1610081345.0945094,192.168.1.5,11008,10.0.0.1,6666,0,2,0.0001,207,173,0,0,999,7,1126,1239,1,scanning
1610081414.2214222,192.168.1.5,8735,10.0.0.1,6666,0,0,0.0001,255,349,0,0,999,12,579,1272,1,scanning
1610081500.630063,192.168.1.10,10500,10.0.0.1,6666,0,0,0.0001,475,480,0,0,999,13,682,1333,1,scanning
1610081535.1935194,192.168.1.5,12608,8.8.8.8,6666,0,1,0.0001,489,232,0,0,999,12,1342,1084,1,scanning
1610081733.9333932,192.168.1.5,18129,8.8.8.8,6666,0,1,0.0001,103,465,0,0,999,14,1158,569,1,scanning
1610081837.6237624,192.168.1.10,17497,8.8.8.8,6666,0,1,0.0001,431,259,0,0,999,10,1026,980,1,scanning
1610081880.8280828,192.168.1.5,22111,8.8.8.8,6666,0,0,0.0001,451,177,0,0,999,11,1177,853,1,scanning
1610082096.849685,192.168.1.5,11881,10.0.0.1,6666,1,0,0.0001,162,287,0,0,999,14,767,999,1,scanning
1610082157.3357337,192.168.1.5,58767,8.8.8.8,6666,1,1,0.0001,486,473,0,0,999,14,1226,1117,1,scanning
1610082822.682268,192.168.1.10,6604,8.8.8.8,6666,0,0,0.0001,484,356,0,0,999,10,573,1171,1,scanning
1610082857.245725,192.168.1.10,31673,10.0.0.1,6666,0,0,0.0001,138,223,0,0,999,14,1121,661,1,scanning
1610082917.7317731,192.168.1.10,40039,8.8.8.8,6666,0,2,0.0001,315,155,0,0,999,7,1297,1454,1,scanning
1610083055.9855986,192.168.1.5,55382,8.8.8.8,6666,0,2,0.0001,162,205,0,0,999,9,1048,1321,1,scanning
1610083142.3942394,192.168.1.5,33871,8.8.8.8,6666,0,1,0.0001,380,127,0,0,999,12,1345,1292,1,scanning
1610083297.929793,192.168.1.5,46201,8.8.8.8,6666,0,1,0.0001,340,381,0,0,999,10,1332,1111,1,scanning
1610083306.570657,192.168.1.10,25784,10.0.0.1,6666,0,2,0.0001,237,288,0,0,999,7,671,980,1,scanning
1610083392.979298,192.168.1.10,55891,10.0.0.1,6666,0,2,0.0001,464,206,0,0,999,10,841,515,1,scanning
1610083686.7686768,192.168.1.5,52577,8.8.8.8,6666,1,1,0.0001,168,359,0,0,999,8,1200,1352,1,scanning
1610083989.1989198,192.168.1.10,30030,10.0.0.1,6666,0,1,0.0001,201,221,0,0,999,9,1122,774,1,scanning
1610084058.3258326,192.168.1.10,38273,8.8.8.8,6666,0,0,0.0001,499,266,0,0,999,6,1147,670,1,scanning
1610084205.2205222,192.168.1.5,21412,8.8.8.8,6666,0,1,0.0001,475,410,0,0,999,13,1247,765,1,scanning
1610084222.5022502,192.168.1.5,18739,8.8.8.8,6666,0,0,0.0001,468,253,0,0,999,13,700,651,1,scanning
1610085017.4617462,192.168.1.10,47597,8.8.8.8,6666,0,0,0.0001,129,267,0,0,999,14,837,886,1,scanning
1610085475.4275427,192.168.1.5,42815,10.0.0.1,6666,0,1,0.0001,453,397,0,0,999,9,1173,960,1,scanning
1610085872.9072907,192.168.1.10,12577,8.8.8.8,6666,0,2,0.0001,272,419,0,0,999,8,606,722,1,scanning
1610085933.3933394,192.168.1.5,21458,8.8.8.8,6666,1,2,0.0001,389,168,0,0,999,7,1275,709,1,scanning
1610086063.0063007,192.168.1.5,48853,10.0.0.1,6666,0,2,0.0001,468,347,0,0,999,8,614,1286,1,scanning
1610086201.260126,192.168.1.10,19285,10.0.0.1,6666,0,0,0.0001,134,400,0,0,999,6,820,1195,1,scanning
1610086313.5913591,192.168.1.5,37199,10.0.0.1,6666,0,1,0.0001,351,181,0,0,999,12,1064,1334,1,scanning
